epoch,steps,cos_sim-Accuracy@1,cos_sim-Accuracy@3,cos_sim-Accuracy@5,cos_sim-Accuracy@10,cos_sim-Precision@1,cos_sim-Recall@1,cos_sim-Precision@3,cos_sim-Recall@3,cos_sim-Precision@5,cos_sim-Recall@5,cos_sim-Precision@10,cos_sim-Recall@10,cos_sim-MRR@10,cos_sim-NDCG@10,cos_sim-MAP@100,dot_score-Accuracy@1,dot_score-Accuracy@3,dot_score-Accuracy@5,dot_score-Accuracy@10,dot_score-Precision@1,dot_score-Recall@1,dot_score-Precision@3,dot_score-Recall@3,dot_score-Precision@5,dot_score-Recall@5,dot_score-Precision@10,dot_score-Recall@10,dot_score-MRR@10,dot_score-NDCG@10,dot_score-MAP@100
-1,-1,0.1678082191780822,0.2420091324200913,0.2819634703196347,0.3242009132420091,0.1678082191780822,0.004195205479452055,0.08066971080669712,0.006050228310502283,0.05639269406392693,0.007269243313763861,0.032420091324200914,0.009019170834239327,0.2141249003406537,0.05301279489485453,0.005826680191221336,0.1678082191780822,0.2420091324200913,0.2819634703196347,0.3242009132420091,0.1678082191780822,0.004195205479452055,0.08066971080669712,0.006050228310502283,0.05639269406392693,0.007269243313763861,0.032420091324200914,0.009019170834239327,0.2141249003406537,0.05301279489485453,0.005826680191221336
