epoch,steps,cos_sim-Accuracy@1,cos_sim-Accuracy@3,cos_sim-Accuracy@5,cos_sim-Accuracy@10,cos_sim-Precision@1,cos_sim-Recall@1,cos_sim-Precision@3,cos_sim-Recall@3,cos_sim-Precision@5,cos_sim-Recall@5,cos_sim-Precision@10,cos_sim-Recall@10,cos_sim-MRR@10,cos_sim-NDCG@10,cos_sim-MAP@100,dot_score-Accuracy@1,dot_score-Accuracy@3,dot_score-Accuracy@5,dot_score-Accuracy@10,dot_score-Precision@1,dot_score-Recall@1,dot_score-Precision@3,dot_score-Recall@3,dot_score-Precision@5,dot_score-Recall@5,dot_score-Precision@10,dot_score-Recall@10,dot_score-MRR@10,dot_score-NDCG@10,dot_score-MAP@100
-1,-1,0.03536184210526316,0.05592105263157895,0.06990131578947369,0.10032894736842106,0.03536184210526316,0.0010517831035923141,0.01864035087719298,0.0015657633667502092,0.013980263157894737,0.0019175543024227235,0.010032894736842105,0.0028312969924812023,0.05169988774018381,0.013919234757110427,0.0018896325297115839,0.03536184210526316,0.05592105263157895,0.06990131578947369,0.10032894736842106,0.03536184210526316,0.0010517831035923141,0.01864035087719298,0.0015657633667502092,0.013980263157894737,0.0019175543024227235,0.010032894736842105,0.0028312969924812023,0.05169988774018381,0.013919234757110427,0.0018896325297115839
