epoch,steps,cos_sim-Accuracy@1,cos_sim-Accuracy@3,cos_sim-Accuracy@5,cos_sim-Accuracy@10,cos_sim-Precision@1,cos_sim-Recall@1,cos_sim-Precision@3,cos_sim-Recall@3,cos_sim-Precision@5,cos_sim-Recall@5,cos_sim-Precision@10,cos_sim-Recall@10,cos_sim-MRR@10,cos_sim-NDCG@10,cos_sim-MAP@100,dot_score-Accuracy@1,dot_score-Accuracy@3,dot_score-Accuracy@5,dot_score-Accuracy@10,dot_score-Precision@1,dot_score-Recall@1,dot_score-Precision@3,dot_score-Recall@3,dot_score-Precision@5,dot_score-Recall@5,dot_score-Precision@10,dot_score-Recall@10,dot_score-MRR@10,dot_score-NDCG@10,dot_score-MAP@100
-1,-1,0.03453947368421053,0.055098684210526314,0.06990131578947369,0.10444078947368421,0.03453947368421053,0.0009343019005847954,0.018366228070175437,0.0014482821637426902,0.013980263157894737,0.0018229166666666665,0.01044407894736842,0.0032056051587301586,0.05165158991228073,0.014119226270693844,0.0018083068530568307,0.03453947368421053,0.055098684210526314,0.06990131578947369,0.10444078947368421,0.03453947368421053,0.0009343019005847954,0.018366228070175437,0.0014482821637426902,0.013980263157894737,0.0018229166666666665,0.01044407894736842,0.0032056051587301586,0.05165158991228073,0.014119226270693844,0.0018083068530568307
