epoch,steps,cos_sim-Accuracy@1,cos_sim-Accuracy@3,cos_sim-Accuracy@5,cos_sim-Accuracy@10,cos_sim-Precision@1,cos_sim-Recall@1,cos_sim-Precision@3,cos_sim-Recall@3,cos_sim-Precision@5,cos_sim-Recall@5,cos_sim-Precision@10,cos_sim-Recall@10,cos_sim-MRR@10,cos_sim-NDCG@10,cos_sim-MAP@100,dot_score-Accuracy@1,dot_score-Accuracy@3,dot_score-Accuracy@5,dot_score-Accuracy@10,dot_score-Precision@1,dot_score-Recall@1,dot_score-Precision@3,dot_score-Recall@3,dot_score-Precision@5,dot_score-Recall@5,dot_score-Precision@10,dot_score-Recall@10,dot_score-MRR@10,dot_score-NDCG@10,dot_score-MAP@100,tipo
-1,-1,0.0353618421052631,0.0559210526315789,0.0699013157894736,0.100328947368421,0.0353618421052631,0.0010517831035923,0.0186403508771929,0.0015657633667502,0.0139802631578947,0.0019175543024227,0.0100328947368421,0.0028312969924812,0.0516998877401838,0.0139192347571104,0.0018896325297115,0.0353618421052631,0.0559210526315789,0.0699013157894736,0.100328947368421,0.0353618421052631,0.0010517831035923,0.0186403508771929,0.0015657633667502,0.0139802631578947,0.0019175543024227,0.0100328947368421,0.0028312969924812,0.0516998877401838,0.0139192347571104,0.0018896325297115,base_model
-1,-1,0.5148026315789473,0.7549342105263158,0.8601973684210527,0.9432565789473684,0.5148026315789473,0.0283149279448621,0.2516447368421052,0.0425092679615705,0.1720394736842105,0.0475700971177944,0.0943256578947368,0.0523104636591478,0.6578598188178798,0.1674241416504729,0.0366889154783874,0.5148026315789473,0.7549342105263158,0.8601973684210527,0.9432565789473684,0.5148026315789473,0.0283149279448621,0.2516447368421052,0.0425092679615705,0.1720394736842105,0.0475700971177944,0.0943256578947368,0.0523104636591478,0.6578598188178798,0.1674241416504729,0.0366889154783874,custom_model
