epoch,steps,cos_sim-Accuracy@1,cos_sim-Accuracy@3,cos_sim-Accuracy@5,cos_sim-Accuracy@10,cos_sim-Precision@1,cos_sim-Recall@1,cos_sim-Precision@3,cos_sim-Recall@3,cos_sim-Precision@5,cos_sim-Recall@5,cos_sim-Precision@10,cos_sim-Recall@10,cos_sim-MRR@10,cos_sim-NDCG@10,cos_sim-MAP@100,dot_score-Accuracy@1,dot_score-Accuracy@3,dot_score-Accuracy@5,dot_score-Accuracy@10,dot_score-Precision@1,dot_score-Recall@1,dot_score-Precision@3,dot_score-Recall@3,dot_score-Precision@5,dot_score-Recall@5,dot_score-Precision@10,dot_score-Recall@10,dot_score-MRR@10,dot_score-NDCG@10,dot_score-MAP@100,tipo
-1,-1,0.0345394736842105,0.0550986842105263,0.0699013157894736,0.1044407894736842,0.0345394736842105,0.0009343019005847,0.0183662280701754,0.0014482821637426,0.0139802631578947,0.0018229166666666,0.0104440789473684,0.0032056051587301,0.0516515899122807,0.0141192262706938,0.0018083068530568,0.0345394736842105,0.0550986842105263,0.0699013157894736,0.1044407894736842,0.0345394736842105,0.0009343019005847,0.0183662280701754,0.0014482821637426,0.0139802631578947,0.0018229166666666,0.0104440789473684,0.0032056051587301,0.0516515899122807,0.0141192262706938,0.0018083068530568,base_model
-1,-1,0.3470394736842105,0.625,0.7294407894736842,0.8667763157894737,0.3470394736842105,0.0165599545739348,0.2083333333333333,0.0325093332289056,0.1458881578947368,0.0382861450501253,0.0866776315789473,0.0469272138680033,0.5121508197577278,0.1367372516225093,0.0264382271994217,0.3470394736842105,0.625,0.7294407894736842,0.8667763157894737,0.3470394736842105,0.0165599545739348,0.2083333333333333,0.0325093332289056,0.1458881578947368,0.0382861450501253,0.0866776315789473,0.0469272138680033,0.5121508197577278,0.1367372516225093,0.0264382271994217,custom_model
