epoch,steps,cos_sim-Accuracy@1,cos_sim-Accuracy@3,cos_sim-Accuracy@5,cos_sim-Accuracy@10,cos_sim-Precision@1,cos_sim-Recall@1,cos_sim-Precision@3,cos_sim-Recall@3,cos_sim-Precision@5,cos_sim-Recall@5,cos_sim-Precision@10,cos_sim-Recall@10,cos_sim-MRR@10,cos_sim-NDCG@10,cos_sim-MAP@100,dot_score-Accuracy@1,dot_score-Accuracy@3,dot_score-Accuracy@5,dot_score-Accuracy@10,dot_score-Precision@1,dot_score-Recall@1,dot_score-Precision@3,dot_score-Recall@3,dot_score-Precision@5,dot_score-Recall@5,dot_score-Precision@10,dot_score-Recall@10,dot_score-MRR@10,dot_score-NDCG@10,dot_score-MAP@100
-1,-1,0.389937106918239,0.5471698113207547,0.6069182389937107,0.6981132075471698,0.389937106918239,0.01712962962962963,0.18238993710691823,0.0281858340820605,0.12138364779874214,0.03370270540081861,0.06981132075471697,0.04255765199161425,0.48548592392932005,0.12365310913908181,0.02587195658103632,0.389937106918239,0.5471698113207547,0.6069182389937107,0.6981132075471698,0.389937106918239,0.01712962962962963,0.18238993710691823,0.0281858340820605,0.12138364779874214,0.03370270540081861,0.06981132075471697,0.04255765199161425,0.48548592392932005,0.12365310913908181,0.02587195658103632
-1,-1,0.389937106918239,0.5471698113207547,0.6069182389937107,0.6981132075471698,0.389937106918239,0.01712962962962963,0.18238993710691823,0.0281858340820605,0.12138364779874214,0.03370270540081861,0.06981132075471697,0.04255765199161425,0.48548592392932005,0.12365310913908181,0.02587195658103632,0.389937106918239,0.5471698113207547,0.6069182389937107,0.6981132075471698,0.389937106918239,0.01712962962962963,0.18238993710691823,0.0281858340820605,0.12138364779874214,0.03370270540081861,0.06981132075471697,0.04255765199161425,0.48548592392932005,0.12365310913908181,0.02587195658103632
-1,-1,0.389937106918239,0.5471698113207547,0.6069182389937107,0.6981132075471698,0.389937106918239,0.01712962962962963,0.18238993710691823,0.0281858340820605,0.12138364779874214,0.03370270540081861,0.06981132075471697,0.04255765199161425,0.48548592392932005,0.12365310913908181,0.02587195658103632,0.389937106918239,0.5471698113207547,0.6069182389937107,0.6981132075471698,0.389937106918239,0.01712962962962963,0.18238993710691823,0.0281858340820605,0.12138364779874214,0.03370270540081861,0.06981132075471697,0.04255765199161425,0.48548592392932005,0.12365310913908181,0.02587195658103632
