epoch,steps,cos_sim-Accuracy@1,cos_sim-Accuracy@3,cos_sim-Accuracy@5,cos_sim-Accuracy@10,cos_sim-Precision@1,cos_sim-Recall@1,cos_sim-Precision@3,cos_sim-Recall@3,cos_sim-Precision@5,cos_sim-Recall@5,cos_sim-Precision@10,cos_sim-Recall@10,cos_sim-MRR@10,cos_sim-NDCG@10,cos_sim-MAP@100,dot_score-Accuracy@1,dot_score-Accuracy@3,dot_score-Accuracy@5,dot_score-Accuracy@10,dot_score-Precision@1,dot_score-Recall@1,dot_score-Precision@3,dot_score-Recall@3,dot_score-Precision@5,dot_score-Recall@5,dot_score-Precision@10,dot_score-Recall@10,dot_score-MRR@10,dot_score-NDCG@10,dot_score-MAP@100
-1,-1,0.3470394736842105,0.625,0.7294407894736842,0.8667763157894737,0.3470394736842105,0.016559954573934835,0.20833333333333331,0.0325093332289056,0.14588815789473686,0.03828614505012531,0.08667763157894737,0.04692721386800334,0.5121508197577278,0.13673725162250938,0.02643822719942175,0.3470394736842105,0.625,0.7294407894736842,0.8667763157894737,0.3470394736842105,0.016559954573934835,0.20833333333333331,0.0325093332289056,0.14588815789473686,0.03828614505012531,0.08667763157894737,0.04692721386800334,0.5121508197577278,0.13673725162250938,0.02643822719942175
