epoch,steps,cos_sim-Accuracy@1,cos_sim-Accuracy@3,cos_sim-Accuracy@5,cos_sim-Accuracy@10,cos_sim-Precision@1,cos_sim-Recall@1,cos_sim-Precision@3,cos_sim-Recall@3,cos_sim-Precision@5,cos_sim-Recall@5,cos_sim-Precision@10,cos_sim-Recall@10,cos_sim-MRR@10,cos_sim-NDCG@10,cos_sim-MAP@100,dot_score-Accuracy@1,dot_score-Accuracy@3,dot_score-Accuracy@5,dot_score-Accuracy@10,dot_score-Precision@1,dot_score-Recall@1,dot_score-Precision@3,dot_score-Recall@3,dot_score-Precision@5,dot_score-Recall@5,dot_score-Precision@10,dot_score-Recall@10,dot_score-MRR@10,dot_score-NDCG@10,dot_score-MAP@100
-1,-1,0.5148026315789473,0.7549342105263158,0.8601973684210527,0.9432565789473685,0.5148026315789473,0.02831492794486215,0.25164473684210525,0.04250926796157059,0.17203947368421052,0.04757009711779449,0.09432565789473683,0.05231046365914788,0.6578598188178798,0.16742414165047292,0.03668891547838741,0.5148026315789473,0.7549342105263158,0.8601973684210527,0.9432565789473685,0.5148026315789473,0.02831492794486215,0.25164473684210525,0.04250926796157059,0.17203947368421052,0.04757009711779449,0.09432565789473683,0.05231046365914788,0.6578598188178798,0.16742414165047292,0.03668891547838741
