epoch,steps,cos_sim-Accuracy@1,cos_sim-Accuracy@3,cos_sim-Accuracy@5,cos_sim-Accuracy@10,cos_sim-Precision@1,cos_sim-Recall@1,cos_sim-Precision@3,cos_sim-Recall@3,cos_sim-Precision@5,cos_sim-Recall@5,cos_sim-Precision@10,cos_sim-Recall@10,cos_sim-MRR@10,cos_sim-NDCG@10,cos_sim-MAP@100,dot_score-Accuracy@1,dot_score-Accuracy@3,dot_score-Accuracy@5,dot_score-Accuracy@10,dot_score-Precision@1,dot_score-Recall@1,dot_score-Precision@3,dot_score-Recall@3,dot_score-Precision@5,dot_score-Recall@5,dot_score-Precision@10,dot_score-Recall@10,dot_score-MRR@10,dot_score-NDCG@10,dot_score-MAP@100
-1,-1,0.5342465753424658,0.7842465753424658,0.8538812785388128,0.9189497716894978,0.5342465753424658,0.0323258679423063,0.2614155251141552,0.05308400376893527,0.17077625570776256,0.059294140030441395,0.09189497716894977,0.06599668406175255,0.6722190512430241,0.17188883346886577,0.044242939160569754,0.5342465753424658,0.7842465753424658,0.8538812785388128,0.9189497716894978,0.5342465753424658,0.0323258679423063,0.2614155251141552,0.05308400376893527,0.17077625570776256,0.059294140030441395,0.09189497716894977,0.06599668406175255,0.6722190512430241,0.17188883346886577,0.044242939160569754
